{
  "CRITICAL_WARNING": "ALWAYS USE THESE EXACT CREDENTIALS - NEVER USE OTHER SUPABASE INSTANCES",
  "project_url": "https://eyvhuoldrjfntkffpkfm.supabase.co",
  "project_ref": "eyvhuoldrjfntkffpkfm",
  "anon_key": "eyJhbGciOiJIUzI1NiIsInR5cCI6IkpXVCJ9.eyJpc3MiOiJzdXBhYmFzZSIsInJlZiI6ImV5dmh1b2xkcmpmbnRrZmZwa2ZtIiwicm9sZSI6ImFub24iLCJpYXQiOjE3NTg2Mzk3MjgsImV4cCI6MjA3NDIxNTcyOH0.3zYeVfbaU71HNYQK_29Qki1fnQhLGccFtIFDZn_x2Es",
  "notes": [
    "Este es el ÚNICO proyecto de Supabase válido para este cliente",
    "NUNCA usar las credenciales: orwcbgtpgcyyuttvgtvb",
    "SIEMPRE verificar este archivo antes de cualquier cambio relacionado con Supabase"
  ]
}
